指導教員,修士論文主題
NguyenVanTriet,周波数応答に基づいた最適化によるFOPID制御のゲイン決定法
NguyenVanTriet,アフィン系の座標変換を伴わないフロベニウスの定理によるモデル低次元化
NguyenVanTriet,ペロブスカイト太陽電池のヒステリシス特性を考慮した最大電力領域追従制御
Phung-DucTuan,閉鎖型待ち行列ネットワークモデルを用いたシェアサイクルの運用分析
Phung-DucTuan,Analysis of Multi-Server Queueing Models with Two Power-Saving Modes
Phung-DucTuan,Mathematical Analysis of Load Balancing Models for Heterogeneous Parallel Server Systems in Cloud Environments
Phung-DucTuan,確率的サービス率を有する待ち行列モデルによるセルフレジ運用の解析
YEMVibol,水を利用しないVR足湯感覚提示手法とそのリラクゼーション効果の検討
アランニャクラウス,"Modeling STDP-Driven Neuronal Activity and Connectivity
Dynamics in Recurrent Spiking Neural Networks"
"アランニャクラウス
","Analysis of Event Design on Genre Development in Music
Distribution Ecosystems using Multi-Agent Simulation"
"アランニャクラウス
",Evolution of self-organizing patterns in Lenia using CPPNs
阿武秀和,学校選択問題におけるPriority-Neutral解およびPriority-Efficient解の整合性に関する研究
阿武秀和,不確実性下の同質財割当におけるRandomized Uniform Rule の特徴付けについて
阿部洋丈,"中軌道リング型衛星コンステレーションにおける高可用性ルー
ティング手法に関する研究"
阿部洋丈,"進化計算手法を取り入れたKubernetesスケジューリングアルゴリ
ズムの提案"
阿部洋丈,"Quality Diversity探索を用いた多様な研究アイディア生成手法の提
案"
阿部洋丈,植物の生体信号に基づく人間の共感的インタラクション設計
伊達央,走行可能領域のゼロショット認識により市街地図のみで実現する移動ロボットの自律走行
伊達央,複数移動ロボットの広範囲床面自動検査のための集合被覆経路計画
伊達央,自律移動ロボットにおける草質の回避不要性を考慮したLiDARベースのナビゲーション
伊達央,Range-based 6-DoF Monte Carlo SLAM on GPU
伊達央,離散値入力を直接扱うサンプリングベースモデル予測制御の設計と評価
伊達央,中空索状ソフトマニピュレータと三輪アクティブキャスタによるゴミ拾いロボット
伊達央,ペースメイキングロボットにおけるランナーのペース推定と高速走行の安定化
伊達央,３次元メッシュに基づく衝突予測を用いたモンテカルロモデル予測制御によるUAV制御
伊藤誠,運転自動化レベルの違いによるドライバ視行動の差異：マルコフモデルに基づく逆強化学習による視線遷移方策の推定
伊藤誠,航空路管制タスクにおける文字起こし機能の導入がコミュニケーションに与える影響
伊藤誠,Roles of Agreeableness and Openness in User?Chatbot Interaction
宇津呂武仁,大規模言語モデルに基づく特許請求項翻訳
宇津呂武仁,大規模言語モデルを用いたペルソナ情報収集インタビューに関する研究
宇津呂武仁,例示および思考連鎖を適用したLLMによる動画コメント・フィルタリング
宇津呂武仁,対話を手がかりとする性格推定における複数LLMの利用法に関する研究
宇津呂武仁,Developing a Parallel Corpus of Japanese-English Literature
宇津呂武仁,大規模言語モデルを用いた接客訓練対話システムの研究
宇津呂武仁,LLMを用いた有価証券報告書の表質問応答
羽田野祐子,群馬県赤城大沼の湖水と魚類体内におけるセシウム動態解析
雨宮護,キャンパス内広場における自転車の通行・駐輪排除とストリートファニチャ設置による利用者の行動特性の変化
雨宮護,大学への犯罪被害報告行動の規定要因：大学生のキャンパス内被害を対象に
雨宮護,職住距離・勤務時間・退勤時間とアクティビティスペースとの関連：属性付き人流データを用いた検討
雨宮護,冒険遊び場における犯罪被害と防犯対策の実態：自由な遊びと防犯性の両立に向けて
浦田淳司,充電器設置時の合意形成を考慮した集合住宅におけるEV普及過程
浦田淳司,活動滞在時間分布を考慮したバスサービス設計
永谷圭司,"土工事現場における建設機械の遠隔化・自動化のための移動ロ
ボットによる地形情報取得と死角解消技術の研究"
延原肇,農業圃場の合成データを用いた株欠損検出モデルの性能向上限界の解明とその原因の考察
延原肇,ピンポイント除草用ドローンに搭載可能な紙とばねを活用した逆単安定型アームの設計
延原肇,上部貨物積載型UAVにおけるロータ角度変化による推力向上とその飛行実証
延原肇,極めて短時間の対面接触がその後のオンライン信頼関係構築に及ぼす効果の検証
延原肇,HMD読書における視線に連動した文章開示が集中に与える影響の調査
延原肇,ショート動画が誘発する断続的かつ無意識的な情動反応が主体的思考能力低下に及ぼす影響の分析
延原肇,機体変形により安定した近接飛行を実現できるアクティブ自己気流制御ドローン
遠藤結城,"スタイルと用例で条件付け可能な画像内文字生成のデータセント
リックアプローチ"
遠藤靖典,目的関数最適化に基づくラフクラスタリングの展開
塩川浩昭,"グラフデータベースに対するWorst-Case Optimal Joinの高速化に
関する研究"
塩川浩昭,"高次元データに対する高速な類似検索のための索引構築に関する
研究"
岡田幸彦,中小企業デフォルト予測における月次流動性預金残高特徴量の有効性検証
岡田幸彦,仕訳データの異常検知モデルの高度化：Data Collaboration解析と摘要欄の活用
岡田幸彦,仕訳データを用いた利速測定の研究
岡田幸彦,地域要因を用いた慢性腎臓病患者の悪化予測の研究
岡田幸彦,生体情報とテンソルデータ解析によるコンサート満足度の研究
岡田幸彦,特異値分解を用いた効率的な分散データファインチューニング手法の提案
岡田幸彦,地域愛着の規定因に関する実証分析：つながりの影響の検討
岡島敬一,施設特性を考慮した避難施設へのエネルギーシステム導入のための低炭素レジリエンス複合評価
岡島敬一,地方の複数部門への水素普及に向けた地域特性の違いによる水素需給分析
岡本直久,観光客のセグメンテーションとマーケティングへの応用可能性に関する研究
岡本直久,道路改良事業に伴う旅行時間信頼性の変化に関する研究
岡本直久,地域公共交通サービス変化が活動機会および利用者意識に与えた影響に関する研究
岡本直久,商用FCVの普及に向けた水素ステーション配置とCO?排出量の予測
岡本直久,日本におけるオーバーツーリズムの種類および対策に関する研究
岡本直久,基幹交通の組み合わせ利用を考慮した交通手段選択に関する研究
岡本直久,駅舎デザインの変遷とその変化要因に関する考察
河合新,作物列追従制御に向けた物理法則に基づく油圧回路のHammersteinモデリング
河合新,サンプル点間応答の零点に基づく解釈と周波数整形
河合新,非線形モデルの離散時間化と制御器設計の高木・菅野ファジィモデルに基づく統一的手法
河辺徹,"自己駆動型最適化タイミング調整によるモデル予測制御の計算時
間削減"
河辺徹,"モデル化誤差を Transformer を用いて補償するモンテカルロモデ
ル予測制御"
河本浩明,重度難聴者のためのポータブル環境認識支援システムに関する研究
河本浩明,自立したトイレ動作を実現する歩行器一体型下衣着脱支援システムに関する研究開発
海老原格,Study on Wide-Field Underwater Optical Camera Communication System with Fisheye Camera
海老原格,付加製造されたオーボエ用樹脂リードの構造操作に基づく特性制御に関する研究
海老原格,Study on Underwater Acoustic Positioning Using Reconstructed Wavefront Sets Based on Time of Arrival in Multipath Environments
海老原格,マルチパス環境におけるTime-of-Flight計測に基づく水中音響測位の空間精度評価に関する研究
海老原格,共鳴胴特有の演奏感を実現するサイレントギターにおける能動仮想共振器に関する研究
海老原格,電気インピーダンス法を用いる米粉パンの発酵および食感の非破壊評価に関する研究
海老原格,Study on Underwater Acoustic Communications Using Time Diversity and Orthogonal Signal Division Multiplexing
額田彰,"シミュレーションにおける中間変数の利用による超解像の精度向
上"
掛谷英紀,クラスターベース多視点レンダリングによる実時間粗インテグラル表示
掛谷英紀,時分割指向性バックライト式裸眼立体表示のクロストーク低減と輝度均一化
乾孝司,地理空間情報の言語化に基づく区画の機能的類似性演算
乾孝司,"大規模言語モデル構築におけるMixture of MQ-LoRA Expertsの提
案"
乾孝司,"LLMを用いた大規模観光文書群からのスキーマ指定可能な表生成
手法"
乾孝司,"Multi-Agents Based Prompt Optimization for POI
Recommendation Using TrajRAG"
乾孝司,"SNSフォロー関係を考慮したユーザプロフィール生成を用いた
LLMに基づく次訪問地推定"
干川尚人,データセンターの空調効率改善に向けた空間温度測定とホットスポットの分析
干川尚人,FGEC：フラクタル幾何学と進化的計算による大規模3D環境の自動生成手法
亀山啓輔,中心化カーネルアラインメントによる構造的知識蒸留
亀山啓輔,残差パタン一貫性制約によるStyleGAN正則化
亀山啓輔,"グローバル補間と局所多様体摂動を統合した二段階データ拡張に
よる画像分類の高精度化"
亀山啓輔,GNNとLSTMによる車両間相互作用を考慮した車群軌道予測
亀山幸義,"Polymorphic Type Inference for an Effectful Multi-Stage
Language"
亀山幸義,"Modular Metaprogramming Based on Monadic Hylomorphism
and Program Fusion"
亀田能成,サッカーにおける視覚探索運動の変化を引き起こす視野狭窄提示
亀田能成,歩行者が行き交う環境における自転車カメラからの安全ルート推定
亀田能成,相撲映像における力士間特徴に基づく取り口の認識
亀田能成,卓球試合映像からの骨格と打球に基づくコース推定と得点効果分析
亀田能成,車いす認識と骨格推定に基づく車いすテニスのストローク解析
吉瀬章子,大学入試業務の人員配置最適化における数理モデルの改良
吉瀬章子,社会工学・サービス工学学位プログラムにおける修士論文審査員の割り当て問題
吉瀬章子,社会工学・サービス工学学位プログラムにおける修士論文発表会スケジューリングシステムの開発
吉瀬章子,学年暦の自動生成 ?曜日変更最小化モデルとその修正の自動化?
牛島光一,非罰則的介入の犯罪抑止効果：渋谷区路上飲酒禁止条例を事例として
牛島光一,意思決定に潜在する選好的差別と統計的差別の識別：メジャーリーグの投球分析から
牛島光一,コロナ禍における需要ショックの因果推定：中古バイク価格を用いた分析
牛島光一,文化的選抜コンテストのシグナリング効果：オンライン需要に与える影響
牛島光一,監査委調査開始がアナリスト評価に及ぼす影響：2011年インサイダー事件の実証分析
牛島光一,花粉が経済活動に与える影響
牛島光一,プロスポーツチームが地域経済に与える影響?昇降格制度を用いて?
境野翔,模倣学習に向けた高品質モーションデータの取得と編集手法に関する研究
境野翔,高難度タスクに向けた動作修正手法および階層型模倣学習モデルの検証
境野翔,スケーリング付きバイラテラル制御に基づく模倣学習
境野翔,動作プリミティブ統合に基づく階層型比率モデルによる動作生成
境野翔,Exploring a Torque-Conditioned and Hierarchical Framework Trained via Multi-Control-Modality Imitation Learning
橋本悠希,静電触覚ディスプレイにおける振動増幅機構の設計と知覚評価
橋本悠希,漆回路のための水圧転写技術と箔押しを?組み合わせた湾曲面への配線手法の検討
橋本悠希,体温調節による入眠促進を目指した体幹部水冷機構の検討
橋本悠希,足背部・足根管部への振動刺激による中足部・後足部への足底錯触覚提示
橋本悠希,杖の振り下ろし・引き上げ時の振動提示が地面の粘性変化に及ぼす影響
金広文男,Multi-Contact Motions Using the Elbow or Knee of a Humanoid Robot via External Force Estimation
金広文男,Monocular Visual SLAM that works with Pre-built Point Cloud Maps using Point and Line Features
建部修見,第一階層分散ストレージの階層型ネットワークによる高速化
古賀弘樹,しきい値型秘密分散法におけるシェアの部分情報の漏洩に対する安全性解析
古賀弘樹,しきい値型視覚暗号における全シェア重ね合わせ時の最大の相対差について
古川宏,フォントの最適化と背景色の追加によるハイブリッド画像を用いたPIN認証の覗き見攻撃耐性とユーザ視認性の向上
五十嵐康彦,"仮想環境によるデータ生成を用いた自律材料探索ロボットの物体
検出"
五十嵐康彦,"電子線ホログラフィーによる電荷量解析における必要な計測フ
レーム数の統計的推定"
五十嵐康彦,"イメージング型スピン分解光電子顕微鏡における深層生成モデル
を活用した計測最適化"
後藤真孝,歌声・伴奏・歌詞ごとの嗜好と許容度を考慮できる楽曲推薦インタフェースに関する研究
工藤博幸,"多方向スライス学習と多数決統合を用いた医用画像セグメンテー
ションの動画像への拡張と精度改善"
工藤博幸,"雑音の統計的性質を考慮したDeep Image Priorによる低線量CT画
像再構成"
甲斐田直子,平均以下効果が環境配慮行動意図に与える影響
甲斐田直子,騒音迷惑度と自己観の関係性：日本・カナダ比較研究
高安亮紀,ノイマン境界条件を課した楕円型偏微分方程式の解のZernike多項式による精度保証付き数値計算
高橋伸,"動的にスマートフォンの画面を傾斜させるタッチスクリーンイン
タラクション"
高橋伸,モバイルデバイス上で動作するAR手書きノート作成システム
高橋伸,"Investigating the Effects of Gaze-Based Highlighting on Reading
Behavior"
高橋大介,より低精度なFFTを用いた高精度なFFTの計算手法に関する研究
高野祐一,最適多分木を用いた解釈可能なクラスタリング
高野祐一,消費電力と所要時間の不確実性を考慮した電動バスの運行計画最適化
合原一究,"魚類の捕食-逃避行動の3次元トラッキングと3DCGによる行動モ
デリング"
合原一究,整列を伴わない群をなすユスリカの3次元動態解析
黒田嘉宏,温感の揺らぎ錯覚
黒田嘉宏,機械学習による小児書字評価支援
黒田嘉宏,臨床歩行の視点統合学習
黒田嘉宏,心身調和に向けた温冷交代法
黒田嘉宏,無限階冷風感による眠気抑制
黒田嘉宏,乳腺拘束による乳房MRI体位変換
黒田嘉宏,痛み錯覚の持続提示
今倉暁,"プライバシー保護と個人適応を考慮した音楽感情予測モデルの実
現"
今倉暁,"マルチモーダル医療データに対するモーダル横断的説明手法の提
案"
佐藤聡,"フルサービスリゾルバーの運用改善に着目したキャッシュ削除影
響の定量評価"
佐藤聡,証明書発行時に認証局が行う DNS 問い合わせの抽出手法
佐藤聡,"複数の同一演習環境への環境外からのIP通信を可能とする設計手
法"
佐藤聡,"ホストのDNS問い合わせ頻度を用いたグループへの所属推定に関
する研究"
佐藤聡,運用期間が短いドメイン名のDNS問い合わせ応答の収集手法
佐藤雄隆,"３Dモデルに対する直感的かつ柔軟なアノテーション手法に関する
研究"
佐藤雄隆,イベントカメラを用いた非接触での異常検知に関する研究
佐藤雄隆,生成画像を用いたモデル学習効率の改善に関する研究
佐野幸恵,HPVワクチン接種に対する意見の変遷とその要因
佐野幸恵,SNSを用いた労働者の集団感情分析
佐野幸恵,テキスト情報と財務情報の統合による中小企業の将来性予測
佐野良夫,"将来人口予測と国土GISデータを用いたバス停留所最適化のため
の数理モデル"
佐野良夫,"ドローン併用巡回セールスマン問題における分割による初期解生
成を用いたアルゴリズムの研究"
佐野良夫,"選好変更を伴う安定ルームメイト問題に対する局所更新アルゴリ
ズム"
坂無英徳,医師の着眼点に基づく事前学習による病理AIの特徴表現改善と解釈性向上
坂無英徳,大域・局所画像の位置対応を利用した自己教師あり学習による倍率不変特徴表現の獲得
坂無英徳,病理画像分類におけるラベルノイズ耐性向上のための適応的モデル統合による知識蒸留
作道真理,インフォーマルケアが労働供給に与える影響
作道真理,サンプルセレクションを考慮した日本の男女間賃金格差
作道真理,2025年参議院選挙を対象としたTwitter上における政治的言論の分析
作道真理,ESG関連インデックスと株式市場
三宮秀次,カスタマイズ性を備えた組み込み型構文解析器生成系
三宮秀次,IoT計算基盤向け自己同期型データ駆動プロセッサの一実装
三崎広海,監査上の主要な検討事項（KAM）の早期適用によるコーポレート・ガバナンス及び株価への影響
三崎広海,株式市場における価格変動の時点別差異の検証
三崎広海,日本市場を対象としたポートフォリオ戦略の実用性評価
三崎広海,Analysis and prediction of financial markets based on a hybrid LSTM-Realized GARCH model with high-frequency data
三谷純,"ガウス球面上のトレース図を使用した円錐特異点を含む離散可展
面の形状モデリング"
三末和男,"没入型分析における操作自由度の異なるインタラクション手法の
比較評価"
三末和男,"グラフの定量的な構造的特徴に着目したエッジ描画手法の比較分
析"
山口佳樹,"FPGA制御によるNVMe SSD群を用いた高スループットストレー
ジシステムの設計と評価"
山口佳樹,FPGA 最適化による多量子ビット QFT とその誤差伝播特性の解析
山口佳樹,"遠隔操作向け映像通信におけるリアルタイム背景除去の性能限界
と画質トレードオフ解析"
山口友之,推力偏向機構を有する3次元平面打音検査ロボットに関する研究
山口友之,交通安全のためのシューズ型行動誘導デバイスの研究
山田武志,"ステアリングベクトル推定に基づく自動焦点ニューラルビーム
フォーマに関する研究"
山本幹雄,"機械読解データセットのタスク転用による大規模言語モデル評価
を目的とした日本語QAデータの自動生成"
山本幹雄,"ダブル配列言語モデルのサイズ削減に向けたハイパーグラフ構造
に基づく単語ID入れ替えアルゴリズム"
山野博哉,分布北限域における南方系海洋生物の北上とその認識
志築文太郎,拡張現実における短時間のみ表示される視覚的な通知
志築文太郎,"ハンドヘルドARにおける背後のターゲットのためのフロントカメ
ラを用いたターゲット選択手法"
志築文太郎,視線を用いた実世界オブジェクトの情報閲覧支援
志築文太郎,"スマートウォッチに取り付けられた実物体選択のためのカメラの
位置および方向の評価"
志築文太郎,導電繊維編み込み紐を用いたあやとり技認識手法
若槻尚斗,伝搬経路上の媒質変化によるパラメトリックスピーカーの放射特性変化に関する研究
若槻尚斗,斜放射平面波スピーカーを用いた広域に音像定位可能なサラウンドシステムに関する研究
若槻尚斗,等身大ビデオ通話において多人数で自然な会話を実現する音響システムに関する研究
若槻尚斗,音色ラベルと音響特徴量の関係分析に基づくシンセサイザの音色設定支援に関する研究
若槻尚斗,ヒトによる金管楽器吹鳴時の口唇振動計測と人工口唇の作製に関する研究
若槻尚斗,埋め込み型補聴デバイスを目指した人工基底膜のシミュレーションに関する研究
若槻尚斗,パーティションに仕切られた二組の話者間における双方向能動騒音制御に関する研究
若槻尚斗,打叩条件による音色変化を再現するシンバル音の合成に関する研究
若槻尚斗,視聴点・方向の移動に対応した遠隔実音場の立体音響再現システムに関する研究
秋元祐太朗,リチウムイオンパウチセルのin-situ診断技術に関する基盤研究
秋元祐太朗,EVの充電行動の不確実性がPV出力制御量緩和に与える影響に関する研究
秋元祐太朗,Study on Optimization Strategy for EV Charging Stations Considering User Satisfaction
秋山英三,重量・近接規制を考慮した異種ドローン経路問題：規制による配送時間・コストへの影響分析
秋本洋平,"Improving Generalization of Reinforcement Learning via Reward
Shaping with CMA-ES"
秋本洋平,"教師なし強化学習の軌跡を活用した効率的な方策ファインチュー
ニング"
小林匠,"レイヤー間の依存関係に基づく重要度伝播を用いたCNNの
Pruning"
松原康介,アルジェリアにおけるフェルナン・プイヨンの居住型ツーリスト・コンプレックス─シディフレジとティパザの海辺地区を事例に─
上市秀雄,失敗に伴う恥が回避的行動と建設的行動に与える影響：個人差要因と状況要因の検討
上市秀雄,自転車保険の加入意思決定の分析?保険のパンフレットのキャッチコピーに着目して?
新城靖,"機密実行環境を利用した個人情報管理のための高い可用性を持つ
ログサーバの実装"
新城靖,WebRTCを用いたP2P型VPNによるIPアドレス隠し
新城靖,Framework for Implementing Multi-Personal-Node Applications
新城靖,"部屋の概念に基づく誰でも使えるアクセス制御のWebにおける実
装"
新城靖,"機密実行環境のための耐タンパデバイスを用いた永続キーバ
リューストアの実装"
新里高行,異なる光波長がアユの群行動と二層的同期（向き・尾鰭ビート）に与える影響
新里高行,YOLOを用いた魚類個体の体軸推定と時系列構造を活用した異常姿勢修正
新里高行,6本指錯覚と視点変調VRによる身体所有感の可塑性
新里高行,集団的拍手における同期対象と拍の捉え方に着目した同期メカニズムの解明
森田昌彦,脳波位相リセット解析に基づくうつ状態の推定
神村明哉,ARマーカーを用いた陸上ロボット・空中ドローン間の相対位置推定と協調制御
星野准一,音声対話による親密性向上を目的とした対話型ゲームの設計と分析
星野准一,高齢者のコミュニケーションを促進する仮想観光システムの構築と評価
星野准一,Mutual Self-Disclosure in Game Dialogue: Enhancing Intimacy and Social Presence
星野准一,視覚的行動伝播メカニズムに基づく魚群運動のシミュレーション
星野准一,Enhancing Nature Engagement through Embodied Observation in a VR-Based Learning System
西出隆志,FHE推論における活性化関数の差異による推論精度の比較評価
西出隆志,One-Time Memories Secure against Depth-Bounded Quantum Circuits
西出隆志,情報セキュリティ行動の持続的促進に関する研究
川口一画,"対話相手に対する直視および視線回避の強調表示によるビデオ通
話参加者の状況伝達"
川口一画,"ユーザの姿勢に連動したPC画面表示の傾き変更を用いた座位姿勢
改善手法"
川口一画,"変換聴覚フィードバックが話者の発話特性および話者と聴衆の発
話に対する印象評価に与える影響"
川口一画,電気的筋肉刺激による手指への情報提示手法の検討
川崎真弘,姿勢変化が持続的注意機能及び脳活動に与える影響
川島宏一,EBPM研修による地方自治体職員の意識・行動の変化とその要因分析
川島宏一,移住促進の観点から見た地方自治体による創業等支援制度の対象者選定基準の実態と効果に関する研究
川島宏一,シェアサイクルの利用頻度に影響を与えるサイクルポートの立地環境の要因分析―つくば市・山形市・山口市を事例として―
善甫啓一,擬似心拍音バイオフィードバックによる心拍低下感覚を誘発する瞑想促進システムに関する研究
善甫啓一,Study on Chimeric Service Actors in which Interactive Agents and Humans Share Avatars
善甫啓一,Study on Pseudo-Force Feedback via Auditory Displacement with Pitch Variations in a Virtual River
相山康道,広域な可動範囲を有する空間移動マニピュレータの開発
相山康道,力学特性DBに基づく2指ハンド選択支援システムの開発及び吸着ハンドへの適用検討
蔵田武志,人的資本経営に資する職場マルチモーダルデータ活用型MASの開発
蔵田武志,VRバーチャルペットとの運動が及ぼす心理的・生理的効果
村上暁信,自治体におけるグリーンインフラの計画的展開を阻害する要因についての研究
太田充,中国高速鉄道建設が都市経済に与える影響―都市規模・地域別の実証分析―
大山恵弘,"CNNマルウェア検知器における文字列追加攻撃による敵対的攻撃
の解析"
大山恵弘,"RISC-Vの拡張をエミュレーション可能なハイパーバイザとその実
装を支援する自動生成システムの構築"
大西正輝,Continual Learning by Null Space of Weight Matrix of Previous Task for Deep Neural Network
大西正輝,Prediction of Multi-Pedestrian Interaction with Vehicles in Shared Spaces: A Particle-Based Graph Neural Network Approach
大西正輝,自己注意機構による画像認識の性能向上のための活性化関数に関する実験的考察
大矢晃久,Diffusion Model による舞踊譜と拍子を用いた舞踊動作の生成
大矢晃久,共感覚に基づく機械学習を用いたクロスモダリティ学習
大矢晃久,"Waypoint-Scheduled Multi-Robot Path Planning for Formation-
Aware Narrow Passage Traversal"
滝沢穂高,"Extraction of adrenal glands in CT images using U-Net with
multi-channelization and multi-planar augmentation"
滝沢穂高,"Extraction of Epiglottises from Videofluorography Using 3D U-
Net with Multi-Channelization and SE Blocks"
滝沢穂高,深層学習によるビデオ解析に基づく睡眠変異体マウスの行動分析
谷口綾子,奥入瀬渓流利活用をめぐる関係主体の語りの質的分析と無関心層に向けた取組の効果
谷口綾子,社会的受容に向けた自動運転バスのエクステリア検討プロセスと評価指標に関する基礎的研究
谷口守,認識人口?その抽出と特性
谷口守,子どもの生活行動にみる体験格差?課外活動の全国横断的把握を通じて?
谷口守,自給型人口分散による食料需給バランス改善への試案?「地域で食料が自給できる国土」への視座?
谷口守,都市サービスの長期的な入れ替わりの実態?均霑化に向けた20年間の比較?
中内靖,視覚障がい者の安全な歩行を支援するシステムの提案
中内靖,独居高齢者の運動習慣を促す鏡インタフェースの提案
中内靖,足踏み運動によるリハビリテーションを支援する鏡インタフェースの提案
町田文雄,"AI推論におけるエナジーバグの影響とオフロード実行による緩和
手法の解析"
町田文雄,"Dynamic Task Offloading Using Vehicle Density Estimation for
UAV-based Road Traffic Monitoring"
町田文雄,"ロングテール特性を考慮した高信頼性APIメソッドシーケンス推薦
の実現"
町田文雄,"Quantifying Weather Risks and Enhancing System Resilience in
UAV-Based Deforestation Monitoring"
長谷部浩二,"Logical Neural NetworkとSMTソルバーによる安全性を考慮した
深層強化学習"
長谷部浩二,"Modeling the Emergence of Echo Chambers through the
Interaction between Beliefs and Opinions"
陳漢雄,"Mutual Proximityに基づくTop-K推薦における人気バイアスの制御
手法"
陳漢雄,"Pivot-Based Coordinate Reduction and Hierarchical Indexing for
High-Dimensional Image Retrieval"
津川翔,"ソーシャルプラットフォーム上の情報局所性と暗黙的情報拡散メ
カニズムの分析"
津川翔,"ソーシャルネットワークにおけるブローカーの配置が情報拡散に
及ぼす影響の評価"
塚田正人,Retinex理論に基づく画像最適化による形状復元の高精度化
塚田正人,認識性能向上のための並列ISP補正の選択的融合によるRAW画像処理
塚田正人,SurgicalSketch：手術画像から手術記録向け注釈付きイラスト画像生成フレームワーク
塚田正人,Event Guided Video Frame Interpolation by Pre-trained Diffusion Model
堤盛人,東京国際空港新飛行経路の運用開始が東京都区部の不動産価値に与えた影響に関する計量分析
堤盛人,マニラ首都圏における洪水リスクが住宅価格に与える影響の分析?価格帯の異質性に着目して?
堤盛人,オフィスビルにおけるアメニティの実態解明と効果検証
堤盛人,地籍調査の進捗に関する地理空間分析
堤盛人,Analysis of the Impact of Green Building Certification on the J-REIT's Performance
天笠俊之,"CNNを用いた潮汐ストリームによるダークマターハローの密度分
布推定"
天笠俊之,LLMによるトランスクリプト要約を用いた医療動画の真偽判定
天笠俊之,Apache Spark上でのSQL/PGQクエリ処理の高速化
天笠俊之,HTAPシステムのため軽量なデータフレッシュネス測定手法
天笠俊之,"Exploiting Temporal Importance for Adversarial Attacks on
Dynamic Graphs"
田中文英,Hierarchical Action Models with 2D Paths and Consistency Flow Training for General Robot Manipulation
田中文英,Modeling the Pudding Vibration That People Find Cute
田中文英,Development and Evaluation of a Tabletop Mobile Robot for CT-optimal Touch
田中文英,Development of a Speech Assist Device for People Who Stutter Using the Distraction Effect of Vibrotactile Stimulation
渡邉俊,中国第14次５カ年計画とSNSの投稿から見た都市空間認知変化の比較分析―武漢市を事例として
藤井さやか,計画的住宅地における高コスト共用施設の維持管理に関する研究?斜行エレベーターを事例として?
藤井さやか,産後家庭と地域をつなぐ出産祝いの実態と可能性?横浜市戸塚区の認定NPO法人こまちぷらすのウェルカムベビープロジェクトに着目して?
藤井さやか,居場所づくりを志す個人が「開設・常設化・非開設」に至る過程と要因?認定NPO法人こまちぷらすの「居場所づくり講座」受講者に着目して?
藤井さやか,小規模公園の維持管理手法としての農の導入可能性の検討
藤川昌樹,東京都福生市における横田基地米軍ハウスの歴史的展開と保全・活用
藤川昌樹,農村舞台の現状とその保全ーハード・ソフトの両面に着目してー
藤川昌樹,災害後に移住を強いられた住民の新居住地への適応状況に関する研究ー四川大震災後の北川県を事例としてー
藤川昌樹,江蘇省において清代南巡時に利用された行宮の空間特性ー立地と施設構成に着目してー
梅本通孝,大規模災害での緊急消防援助隊に対する概念的なロジスティクス方策
梅本通孝,全国自治体における水害時広域避難の有効性評価と促進方策の検討
八森正泰,単位コイングラフにおける部分彩色の拡張の実験的研究
繁野麻衣子,エラスティック光ネットワークにおける通信要求の保持時間を考慮した予約種別リソース割り当て戦略の提案
繁野麻衣子,列生成法を軸とした電気バスの仕業編成最適化
繁野麻衣子,大規模言語モデルを活用した非専門家による継続運用可能な勤務表作成手法の検討
繁野麻衣子,機械学習モデルと特徴量選択によるファミリーレストラン店舗別売上予測方法の検討
繁野麻衣子,タクティカルシューターゲームにおけるチームでの移動を考慮した軌跡特徴量による戦略解析
繁野麻衣子,育成マネージャーの導入がチームに与える影響の検証
繁野麻衣子,２指標を用いた市場セグメンテーション手法における境界の検討
繁野麻衣子,指定された外形に対する多様な間取り案自動生成のための三段階アプローチ
飯塚里志,"楽器演奏シーンの手のランドマーク検出モデルの構築および音響
特徴組み込みの検討"
飯塚里志,"再構成ロスを用いた拡散モデルによるキャラクタードット絵の生
成"
飯塚里志,制御可能な拡散モデルを用いた錯視画像の生成
福井和広,Human Gait Motion Analysis Based on Shape Subspace
福井和広,Deep Randomized Time Warpingに基づく行動認識手法の研究
福井和広,"A Framework of Deep Learning Based on Variations in Weight
Parameters"
福井和広,Steering Large Language Models for Unbiased Scientific Review
福井和広,Analysis of surface shape using shape subspace
福井和広,"Hybrid Quantum-Classical Dynamic Time Warping and Its
Application"
福地一斗,"Fairness Adjustment via Item-Specific Sensitive Attribute-wise
Filtering in Recommender System"
平田祥人,"閾値自己回帰モデルのそれぞれの区間の予測モデルを連続に繋ぐ
拡張"
平田祥人,"イベント系列生成と予測精度評価に基づくイベント発生特性の推
定"
平田祥人,"Predicting local maxima of time series with edit distances and
long short-term memory neural networks"
蜂須拓,人と植物の物理的接触を拡張するスマート植木鉢
望山洋,超柔軟マニピュレータによる吊り荷のフィードバック制振
望山洋,ダチョウ首規範超劣駆動マニピュレータのリアルタイム形状推定
望山洋,触走査により存在確率を絞り込む面歪マッピングシステム
望山洋,Modeling and Design of Wire-driven Ostrich-inspired Hyper-underactuated Robotic Manipulator
北原格,同一動作を複数回撮影した映像からの三次元姿勢推定法
北原格,自由視点映像における視聴者の操作情報に基づくカメラワーク嗜好推定および生成法
北原格,大規模空間で撮影される多視点画像の射影特性を考慮した三次元再構成法
北原格,測位・慣性情報に基づく大規模屋外Location-Based ARの高精度化
北川博之,"Contrastive Learning-Based Sleep Stage Classification
Considering Surrounding Epochs in EEG Signals"
堀江和正,睡眠ステージ自動判定における特徴量解析を通じたモデル解釈
面和成,ブロックチェーンにおけるプライバシー保護手法に関する研究
面和成,スマートポンジスキームの時系列構文変化と検出性能への影響分析
面和成,TEEとTrusted UIを統合したコールドウォレットの安全性向上に関する研究
面和成,デジタルコンテンツの権利保証に向けた類似性評価とNFT方式に関する研究
面和成,連合学習を用いた地震動予測モデルの改良
面和成,NFT's Missing Link: Resolver Contract for NFT Verification Tool with Enhanced Linkability
木下陽平,InSAR解析による令和6年能登半島地震の地震後地殻変動の検出
木下陽平,未知のスロースリップイベント検出を目的としたInSAR時系列データへの異常検知手法開発
木村成伴,"Named Data Networkingのためのキャッシュ戦略PoolCache上で
人気のあるコンテンツをキャッシュするルータを増やす改良方式"
木村成伴,"アドホックネットワークにおけるビーコン間隔拡張のクラスタリ
ングを用いたルーティングアルゴリズムの提案"
木村成伴,持続的な輻輳状態に対応したMPTCP・GSAM切り替え方式
木村成伴,"マルチコントローラSDNにおけるコントローラ・スイッチ間総和
距離最小化マッピングの変動を考慮したスイッチマイグレーショ
ン方式"
矢野博明,階段昇降動作に対する視覚と歩行感覚提示を用いたミラーセラピーシステム
矢野博明,バーチャル吸音壁による聴覚刺激変化を用いた後方物体の存在感提示
矢野博明,エッジを用いた遭遇型力覚提示における形状識別の検討
有田智一,建替え後の団地におけるエリアマネジメント組織の自立プロセスと専門的支援の役割に関する研究
有田智一,都市再生緊急整備地域における都市再生政策の効果と課題に関する研究―地方中枢都市の事例を対象として―
有田智一,都市再生特別地区における公共貢献としての資金貢献手法の実態と可能性に関する研究
有田智一,スタジアム・アリーナの開発計画における意思決定プロセスと運営実態に関する研究
有田智一,日本橋界隈において長期的な視点で都市機能更新に取り組む地元組織団体の現状と課題に関する研究-日本橋一の部連合町会地区に着目して-
有馬澄佳,LiDARデータに基づく視線および姿勢情報統合による危険行動の動的検出システム?荷役作業ケース
有馬澄佳,3階層サプライチェーンにおける協調的納期決定アルゴリズム
有馬澄佳,自律性モデルと自己価値充足モデルを統合した職場安全の心理-行動分析、介入提案
有馬澄佳,工場間の経路最適化を含む多目的マルチファクトリー・スケジューリング
有馬澄佳,画像の局所=大域の周波数特化型デュアルブランチによる異常検知?半導体欠陥を例に?
有馬澄佳,品質検査レイヤーを横断する特徴量解析と異常原因探索
有馬澄佳,L0スパース性を考慮した経験ベイズによるFactorization Machines
鈴木健嗣,形状変化するソフトロボットによる社会的シグナル伝達の表現特性
鈴木健嗣,下肢姿勢と膝角度に基づく乗り込み動作評価とスプリント訓練支援
鈴木健嗣,顔面神経麻痺患者支援のための顔形状適応型多電極フェイスマスク
鈴木健嗣,反作用ホイールを用いた歩行中の骨盤回旋を支援する装着型機器
鈴木健嗣,機械学習を用いた生体音と映像に基づく日常生活中の咀嚼動態識別
鈴木研悟,エネルギー事業者の有する社会的選好が炭素税の効果に与える影響の評価
鈴木研悟,炭素価格の転嫁が製造業サプライチェーンにおけるエネルギー転換に与える影響分析
鈴木研悟,自動車市場の時間変化が消費者選好と車種選択に与える影響分析
鈴木大三,"アニメ調キャラクター画像生成のための局所変換考慮型領域検出
モデル"
鈴木大三,"動き・顕著性駆動型スーパーフレーム分割を用いた単一対象ユー
ザービデオの要約"
鈴木大三,"ブロック歪み回避と高精度細部復元を両立するウェーブレット拡
散モデルによる低照度画像強調"
鈴木大三,事前修復画像のエッジガイドを用いた拡散ベース画像修復
鈴木大三,"周波数強調を導入したウェーブレット残差拡散モデルによる単一
画像超解像"
鈴木大三,"ランダム擬似完全シームレット変換を用いた形状歪曲型JPEG
2000暗号化"
鈴木勉,人流データによる滞在移動特性評価と複数モード公共交通網設計
鈴木勉,Comparison of Carbon Dioxide Reduction of Transport Interventions Considering Topographic Relief
和田健太郎,サグ部ミクロ交通シミュレーション較正のための連続体交通流理論と機械学習のハイブリッド手法
和田健太郎,Second order bathtub modelsの提案と実データによる検証
和田健太郎,MFDを用いた過飽和道路ネットワークの交通性能分析：タイ・バンコクを対象として
國廣昇,暗号化クラウドストレージMEGAの安全性解析
國廣昇,Small Private Exponent Attacks on RSA-type Cryptosystems
國廣昇,"べき乗剰余を計算する定数深さ量子回路の具体的な構成と回路リ
ソースの推定"
國廣昇,"Research on Toffoli Gate of Decomposition for Shor's Factoring
Algorithm in Noisy Environments"
國廣昇,イデアル所属問題に対する知識の証明に関する研究
國廣昇,"Machine-Learning-Aided Attacks on LWE Problem with Sparse
Binary Secret Keys"
櫻井鉄也,Ensemble Deep Learning for SUMOylation Site Prediction
澁谷長史,粒子間相互作用を考慮した粒子群ベース浮選結果予測モデルの構築に関する研究
澤亮治,同質でない企業が存在する場合の新卒就活市場における既卒差別の分析
澤亮治,地域格差を考慮したふるさと納税による返礼品競争
澤亮治,学生の選考情報を利用した採用支援サービスに関する研究
澤亮治,最適停止問題を用いた就活市場の分析と改善提案
萬礼応,"自律移動ロボットの深層強化学習による歩行者流を考慮した人調
和型ナビゲーション"
萬礼応,"ステアリング型移動ロボットの切り返しを要する狭所環境におけ
る加速度制約を考慮した軌道計画"
萬礼応,"魚眼ステレオカメラと相対深度推定モデルを用いた広範囲・高密
度絶対深度推定"
萬礼応,"農業ハウス内移動ロボットにおけるLiDARオドメトリとNDTマッ
チング結果の幾何学的整合性判定に基づくロバスト自己位置推定"
萬礼応,"カメラ搭載移動ロボットの多視点観測に基づく農作物の3次元位置
推定と重複排除による数量推定"
藪野浩司,係数励振を利用した弱連成振動子の線形，非線形モードの励起法
藪野浩司,ジャイロダンパによる蛇行動の大域的安定化制御
藪野浩司,高粘性環境におけるデータ駆動型自励発振レゾネータによる質量計測
髙谷剛志,Computational Imaging with Unconventional Cameras for Robust Estimation of Surface Normals
